Summary Label,Avg Generation Cnt,Trimmed Generation Cnt,Avg Elapsed Time (milliseconds),Trimmed Elapsed Time (milliseconds),Population Size,Tournament Size,Max Generations,Initial Tree Height,Max Tree Height,Mutation Tree Height,Initial Generation Method,Reproduction Method,Input Training Data,Final Fitness Goal,Crossover Probability,Reproduction Probability,Mutation Probability
100,310.92,131.7125,726.6,404.4,100,4,500000,4,10,2,FULL,TOURNAMENT_SELECTION,20001 15313.5 3961.5 1105.5 3 1.5 365.5 4803 7939 147425.5,0.001,90%,10%,5%
100,1660.75,202.5125,2472.25,562.4,100,6,500000,4,10,2,FULL,TOURNAMENT_SELECTION,20001 15313.5 3961.5 1105.5 3 1.5 365.5 4803 7939 147425.5,0.001,90%,10%,5%
100,3640.99,1134.175,9645.44,3168.9125,100,8,500000,4,10,2,FULL,TOURNAMENT_SELECTION,20001 15313.5 3961.5 1105.5 3 1.5 365.5 4803 7939 147425.5,0.001,90%,10%,5%
100,5059.97,2567.4625,10216.98,6262.75,100,10,500000,4,10,2,FULL,TOURNAMENT_SELECTION,20001 15313.5 3961.5 1105.5 3 1.5 365.5 4803 7939 147425.5,0.001,90%,10%,5%
100,309.9,38.55,2651.98,212.85,200,4,500000,4,10,2,FULL,TOURNAMENT_SELECTION,20001 15313.5 3961.5 1105.5 3 1.5 365.5 4803 7939 147425.5,0.001,90%,10%,5%
100,514.73,58.425,2510.11,327.0375,200,6,500000,4,10,2,FULL,TOURNAMENT_SELECTION,20001 15313.5 3961.5 1105.5 3 1.5 365.5 4803 7939 147425.5,0.001,90%,10%,5%
100,460.63,65.225,2954.68,453.55,200,8,500000,4,10,2,FULL,TOURNAMENT_SELECTION,20001 15313.5 3961.5 1105.5 3 1.5 365.5 4803 7939 147425.5,0.001,90%,10%,5%
100,600.45,64.6,2744.64,510.6125,200,10,500000,4,10,2,FULL,TOURNAMENT_SELECTION,20001 15313.5 3961.5 1105.5 3 1.5 365.5 4803 7939 147425.5,0.001,90%,10%,5%
100,193.69,18.425,2726.9,149.1625,300,4,500000,4,10,2,FULL,TOURNAMENT_SELECTION,20001 15313.5 3961.5 1105.5 3 1.5 365.5 4803 7939 147425.5,0.001,90%,10%,5%
100,315.88,35.3,4351.98,328.1,300,6,500000,4,10,2,FULL,TOURNAMENT_SELECTION,20001 15313.5 3961.5 1105.5 3 1.5 365.5 4803 7939 147425.5,0.001,90%,10%,5%
100,247.71,19.45,3501.56,199.1,300,8,500000,4,10,2,FULL,TOURNAMENT_SELECTION,20001 15313.5 3961.5 1105.5 3 1.5 365.5 4803 7939 147425.5,0.001,90%,10%,5%
100,716.82,82.85,5051.74,835.9375,300,10,500000,4,10,2,FULL,TOURNAMENT_SELECTION,20001 15313.5 3961.5 1105.5 3 1.5 365.5 4803 7939 147425.5,0.001,90%,10%,5%
100,21.22,16.45,238.45,170.35,400,4,500000,4,10,2,FULL,TOURNAMENT_SELECTION,20001 15313.5 3961.5 1105.5 3 1.5 365.5 4803 7939 147425.5,0.001,90%,10%,5%
100,43.58,14.525,881.62,168.425,400,6,500000,4,10,2,FULL,TOURNAMENT_SELECTION,20001 15313.5 3961.5 1105.5 3 1.5 365.5 4803 7939 147425.5,0.001,90%,10%,5%
100,167.72,15.6375,1876.39,202.2625,400,8,500000,4,10,2,FULL,TOURNAMENT_SELECTION,20001 15313.5 3961.5 1105.5 3 1.5 365.5 4803 7939 147425.5,0.001,90%,10%,5%
100,105.02,14.2125,2114.26,205.1,400,10,500000,4,10,2,FULL,TOURNAMENT_SELECTION,20001 15313.5 3961.5 1105.5 3 1.5 365.5 4803 7939 147425.5,0.001,90%,10%,5%
100,15.29,14.7,199.38,188.7625,500,4,500000,4,10,2,FULL,TOURNAMENT_SELECTION,20001 15313.5 3961.5 1105.5 3 1.5 365.5 4803 7939 147425.5,0.001,90%,10%,5%
100,17.74,11.275,275.11,157.075,500,6,500000,4,10,2,FULL,TOURNAMENT_SELECTION,20001 15313.5 3961.5 1105.5 3 1.5 365.5 4803 7939 147425.5,0.001,90%,10%,5%
100,12.2,11.0625,197.7,175.0,500,8,500000,4,10,2,FULL,TOURNAMENT_SELECTION,20001 15313.5 3961.5 1105.5 3 1.5 365.5 4803 7939 147425.5,0.001,90%,10%,5%
100,104.83,10.5875,2328.02,183.775,500,10,500000,4,10,2,FULL,TOURNAMENT_SELECTION,20001 15313.5 3961.5 1105.5 3 1.5 365.5 4803 7939 147425.5,0.001,90%,10%,5%
100,31.37,13.75,761.63,212.8375,600,4,500000,4,10,2,FULL,TOURNAMENT_SELECTION,20001 15313.5 3961.5 1105.5 3 1.5 365.5 4803 7939 147425.5,0.001,90%,10%,5%
100,21.04,12.775,445.37,220.9,600,6,500000,4,10,2,FULL,TOURNAMENT_SELECTION,20001 15313.5 3961.5 1105.5 3 1.5 365.5 4803 7939 147425.5,0.001,90%,10%,5%
100,80.51,10.85,2184.22,204.4875,600,8,500000,4,10,2,FULL,TOURNAMENT_SELECTION,20001 15313.5 3961.5 1105.5 3 1.5 365.5 4803 7939 147425.5,0.001,90%,10%,5%
100,128.21,9.5125,3987.65,200.125,600,10,500000,4,10,2,FULL,TOURNAMENT_SELECTION,20001 15313.5 3961.5 1105.5 3 1.5 365.5 4803 7939 147425.5,0.001,90%,10%,5%
100,17.07,13.3375,328.03,242.4,700,4,500000,4,10,2,FULL,TOURNAMENT_SELECTION,20001 15313.5 3961.5 1105.5 3 1.5 365.5 4803 7939 147425.5,0.001,90%,10%,5%
100,11.41,9.9125,234.64,194.9875,700,6,500000,4,10,2,FULL,TOURNAMENT_SELECTION,20001 15313.5 3961.5 1105.5 3 1.5 365.5 4803 7939 147425.5,0.001,90%,10%,5%
100,9.41,9.1875,206.09,198.4875,700,8,500000,4,10,2,FULL,TOURNAMENT_SELECTION,20001 15313.5 3961.5 1105.5 3 1.5 365.5 4803 7939 147425.5,0.001,90%,10%,5%
100,25.39,8.2,382.2,196.125,700,10,500000,4,10,2,FULL,TOURNAMENT_SELECTION,20001 15313.5 3961.5 1105.5 3 1.5 365.5 4803 7939 147425.5,0.001,90%,10%,5%
100,14.11,10.875,335.6,225.225,800,4,500000,4,10,2,FULL,TOURNAMENT_SELECTION,20001 15313.5 3961.5 1105.5 3 1.5 365.5 4803 7939 147425.5,0.001,90%,10%,5%
100,29.9,9.5125,943.55,214.5375,800,6,500000,4,10,2,FULL,TOURNAMENT_SELECTION,20001 15313.5 3961.5 1105.5 3 1.5 365.5 4803 7939 147425.5,0.001,90%,10%,5%
100,9.61,8.875,245.65,220.275,800,8,500000,4,10,2,FULL,TOURNAMENT_SELECTION,20001 15313.5 3961.5 1105.5 3 1.5 365.5 4803 7939 147425.5,0.001,90%,10%,5%
100,80.59,9.25,2849.94,258.9625,800,10,500000,4,10,2,FULL,TOURNAMENT_SELECTION,20001 15313.5 3961.5 1105.5 3 1.5 365.5 4803 7939 147425.5,0.001,90%,10%,5%
100,30.46,11.0625,1121.97,252.5625,900,4,500000,4,10,2,FULL,TOURNAMENT_SELECTION,20001 15313.5 3961.5 1105.5 3 1.5 365.5 4803 7939 147425.5,0.001,90%,10%,5%
100,9.37,8.9625,242.02,227.1875,900,6,500000,4,10,2,FULL,TOURNAMENT_SELECTION,20001 15313.5 3961.5 1105.5 3 1.5 365.5 4803 7939 147425.5,0.001,90%,10%,5%
100,8.66,8.4125,241.01,233.4,900,8,500000,4,10,2,FULL,TOURNAMENT_SELECTION,20001 15313.5 3961.5 1105.5 3 1.5 365.5 4803 7939 147425.5,0.001,90%,10%,5%
100,57.72,7.2625,3059.89,221.4625,900,10,500000,4,10,2,FULL,TOURNAMENT_SELECTION,20001 15313.5 3961.5 1105.5 3 1.5 365.5 4803 7939 147425.5,0.001,90%,10%,5%
100,10.83,10.425,281.89,268.175,1000,4,500000,4,10,2,FULL,TOURNAMENT_SELECTION,20001 15313.5 3961.5 1105.5 3 1.5 365.5 4803 7939 147425.5,0.001,90%,10%,5%
100,8.31,7.8625,236.05,221.15,1000,6,500000,4,10,2,FULL,TOURNAMENT_SELECTION,20001 15313.5 3961.5 1105.5 3 1.5 365.5 4803 7939 147425.5,0.001,90%,10%,5%
100,23.21,7.825,1034.24,245.9125,1000,8,500000,4,10,2,FULL,TOURNAMENT_SELECTION,20001 15313.5 3961.5 1105.5 3 1.5 365.5 4803 7939 147425.5,0.001,90%,10%,5%
100,12.41,7.65,526.18,263.0125,1000,10,500000,4,10,2,FULL,TOURNAMENT_SELECTION,20001 15313.5 3961.5 1105.5 3 1.5 365.5 4803 7939 147425.5,0.001,90%,10%,5%
100,198.82,53.1375,205.56,88.5375,100,4,500000,4,10,2,GROW,TOURNAMENT_SELECTION,20001 15313.5 3961.5 1105.5 3 1.5 365.5 4803 7939 147425.5,0.001,90%,10%,5%
100,2561.2,867.225,3286.1,1363.4,100,6,500000,4,10,2,GROW,TOURNAMENT_SELECTION,20001 15313.5 3961.5 1105.5 3 1.5 365.5 4803 7939 147425.5,0.001,90%,10%,5%
100,8447.3,5520.4,11245.07,7858.825,100,8,500000,4,10,2,GROW,TOURNAMENT_SELECTION,20001 15313.5 3961.5 1105.5 3 1.5 365.5 4803 7939 147425.5,0.001,90%,10%,5%
100,7131.69,4683.2,11820.57,7657.45,100,10,500000,4,10,2,GROW,TOURNAMENT_SELECTION,20001 15313.5 3961.5 1105.5 3 1.5 365.5 4803 7939 147425.5,0.001,90%,10%,5%
100,88.57,16.7625,201.9,60.1375,200,4,500000,4,10,2,GROW,TOURNAMENT_SELECTION,20001 15313.5 3961.5 1105.5 3 1.5 365.5 4803 7939 147425.5,0.001,90%,10%,5%
100,961.26,197.975,2015.63,462.4375,200,6,500000,4,10,2,GROW,TOURNAMENT_SELECTION,20001 15313.5 3961.5 1105.5 3 1.5 365.5 4803 7939 147425.5,0.001,90%,10%,5%
100,2819.08,923.925,8283.0,3196.4125,200,8,500000,4,10,2,GROW,TOURNAMENT_SELECTION,20001 15313.5 3961.5 1105.5 3 1.5 365.5 4803 7939 147425.5,0.001,90%,10%,5%
100,3263.73,1954.35,11686.46,7220.725,200,10,500000,4,10,2,GROW,TOURNAMENT_SELECTION,20001 15313.5 3961.5 1105.5 3 1.5 365.5 4803 7939 147425.5,0.001,90%,10%,5%
100,16.74,11.5125,89.06,57.675,300,4,500000,4,10,2,GROW,TOURNAMENT_SELECTION,20001 15313.5 3961.5 1105.5 3 1.5 365.5 4803 7939 147425.5,0.001,90%,10%,5%
100,174.56,9.7375,574.92,54.475,300,6,500000,4,10,2,GROW,TOURNAMENT_SELECTION,20001 15313.5 3961.5 1105.5 3 1.5 365.5 4803 7939 147425.5,0.001,90%,10%,5%
100,557.8,61.6125,2505.05,275.3625,300,8,500000,4,10,2,GROW,TOURNAMENT_SELECTION,20001 15313.5 3961.5 1105.5 3 1.5 365.5 4803 7939 147425.5,0.001,90%,10%,5%
100,1293.46,264.225,7083.68,1389.8625,300,10,500000,4,10,2,GROW,TOURNAMENT_SELECTION,20001 15313.5 3961.5 1105.5 3 1.5 365.5 4803 7939 147425.5,0.001,90%,10%,5%
100,10.89,10.3,77.38,70.175,400,4,500000,4,10,2,GROW,TOURNAMENT_SELECTION,20001 15313.5 3961.5 1105.5 3 1.5 365.5 4803 7939 147425.5,0.001,90%,10%,5%
100,77.12,8.8625,793.0,64.9,400,6,500000,4,10,2,GROW,TOURNAMENT_SELECTION,20001 15313.5 3961.5 1105.5 3 1.5 365.5 4803 7939 147425.5,0.001,90%,10%,5%
100,449.35,10.6625,2483.22,95.0125,400,8,500000,4,10,2,GROW,TOURNAMENT_SELECTION,20001 15313.5 3961.5 1105.5 3 1.5 365.5 4803 7939 147425.5,0.001,90%,10%,5%
100,485.43,56.0875,3024.3,468.75,400,10,500000,4,10,2,GROW,TOURNAMENT_SELECTION,20001 15313.5 3961.5 1105.5 3 1.5 365.5 4803 7939 147425.5,0.001,90%,10%,5%
100,9.75,9.6625,86.74,85.375,500,4,500000,4,10,2,GROW,TOURNAMENT_SELECTION,20001 15313.5 3961.5 1105.5 3 1.5 365.5 4803 7939 147425.5,0.001,90%,10%,5%
100,65.74,8.3625,375.35,79.25,500,6,500000,4,10,2,GROW,TOURNAMENT_SELECTION,20001 15313.5 3961.5 1105.5 3 1.5 365.5 4803 7939 147425.5,0.001,90%,10%,5%
100,110.73,8.125,721.68,81.35,500,8,500000,4,10,2,GROW,TOURNAMENT_SELECTION,20001 15313.5 3961.5 1105.5 3 1.5 365.5 4803 7939 147425.5,0.001,90%,10%,5%
100,391.1,8.0625,3052.28,93.2625,500,10,500000,4,10,2,GROW,TOURNAMENT_SELECTION,20001 15313.5 3961.5 1105.5 3 1.5 365.5 4803 7939 147425.5,0.001,90%,10%,5%
100,8.43,8.45,84.92,84.4875,600,4,500000,4,10,2,GROW,TOURNAMENT_SELECTION,20001 15313.5 3961.5 1105.5 3 1.5 365.5 4803 7939 147425.5,0.001,90%,10%,5%
100,9.04,7.4125,114.12,81.325,600,6,500000,4,10,2,GROW,TOURNAMENT_SELECTION,20001 15313.5 3961.5 1105.5 3 1.5 365.5 4803 7939 147425.5,0.001,90%,10%,5%
100,19.35,7.4375,182.71,91.125,600,8,500000,4,10,2,GROW,TOURNAMENT_SELECTION,20001 15313.5 3961.5 1105.5 3 1.5 365.5 4803 7939 147425.5,0.001,90%,10%,5%
100,109.79,6.7375,1084.86,94.05,600,10,500000,4,10,2,GROW,TOURNAMENT_SELECTION,20001 15313.5 3961.5 1105.5 3 1.5 365.5 4803 7939 147425.5,0.001,90%,10%,5%
100,8.51,8.6125,107.46,107.025,700,4,500000,4,10,2,GROW,TOURNAMENT_SELECTION,20001 15313.5 3961.5 1105.5 3 1.5 365.5 4803 7939 147425.5,0.001,90%,10%,5%
100,7.43,7.1,102.14,97.6125,700,6,500000,4,10,2,GROW,TOURNAMENT_SELECTION,20001 15313.5 3961.5 1105.5 3 1.5 365.5 4803 7939 147425.5,0.001,90%,10%,5%
100,6.87,6.825,104.16,103.2875,700,8,500000,4,10,2,GROW,TOURNAMENT_SELECTION,20001 15313.5 3961.5 1105.5 3 1.5 365.5 4803 7939 147425.5,0.001,90%,10%,5%
100,52.28,6.75,583.87,109.55,700,10,500000,4,10,2,GROW,TOURNAMENT_SELECTION,20001 15313.5 3961.5 1105.5 3 1.5 365.5 4803 7939 147425.5,0.001,90%,10%,5%
100,7.96,8.0375,107.32,108.0625,800,4,500000,4,10,2,GROW,TOURNAMENT_SELECTION,20001 15313.5 3961.5 1105.5 3 1.5 365.5 4803 7939 147425.5,0.001,90%,10%,5%
100,7.07,6.8625,103.9,101.05,800,6,500000,4,10,2,GROW,TOURNAMENT_SELECTION,20001 15313.5 3961.5 1105.5 3 1.5 365.5 4803 7939 147425.5,0.001,90%,10%,5%
100,11.39,6.5875,159.62,107.825,800,8,500000,4,10,2,GROW,TOURNAMENT_SELECTION,20001 15313.5 3961.5 1105.5 3 1.5 365.5 4803 7939 147425.5,0.001,90%,10%,5%
100,11.7,6.2625,180.86,114.4875,800,10,500000,4,10,2,GROW,TOURNAMENT_SELECTION,20001 15313.5 3961.5 1105.5 3 1.5 365.5 4803 7939 147425.5,0.001,90%,10%,5%
100,8.07,7.9375,122.79,119.5125,900,4,500000,4,10,2,GROW,TOURNAMENT_SELECTION,20001 15313.5 3961.5 1105.5 3 1.5 365.5 4803 7939 147425.5,0.001,90%,10%,5%
100,6.74,6.6875,111.17,111.525,900,6,500000,4,10,2,GROW,TOURNAMENT_SELECTION,20001 15313.5 3961.5 1105.5 3 1.5 365.5 4803 7939 147425.5,0.001,90%,10%,5%
100,6.25,6.15,116.45,113.9125,900,8,500000,4,10,2,GROW,TOURNAMENT_SELECTION,20001 15313.5 3961.5 1105.5 3 1.5 365.5 4803 7939 147425.5,0.001,90%,10%,5%
100,37.14,5.7125,546.43,119.5,900,10,500000,4,10,2,GROW,TOURNAMENT_SELECTION,20001 15313.5 3961.5 1105.5 3 1.5 365.5 4803 7939 147425.5,0.001,90%,10%,5%
100,7.78,7.8375,139.35,139.3375,1000,4,500000,4,10,2,GROW,TOURNAMENT_SELECTION,20001 15313.5 3961.5 1105.5 3 1.5 365.5 4803 7939 147425.5,0.001,90%,10%,5%
100,6.32,6.3625,123.59,124.675,1000,6,500000,4,10,2,GROW,TOURNAMENT_SELECTION,20001 15313.5 3961.5 1105.5 3 1.5 365.5 4803 7939 147425.5,0.001,90%,10%,5%
100,6.96,6.3,154.99,130.2625,1000,8,500000,4,10,2,GROW,TOURNAMENT_SELECTION,20001 15313.5 3961.5 1105.5 3 1.5 365.5 4803 7939 147425.5,0.001,90%,10%,5%
100,28.52,5.7375,471.48,131.5875,1000,10,500000,4,10,2,GROW,TOURNAMENT_SELECTION,20001 15313.5 3961.5 1105.5 3 1.5 365.5 4803 7939 147425.5,0.001,90%,10%,5%
100,239.76,80.3375,520.38,195.8875,100,4,500000,4,10,2,RAMPED_FULL,TOURNAMENT_SELECTION,20001 15313.5 3961.5 1105.5 3 1.5 365.5 4803 7939 147425.5,0.001,90%,10%,5%
100,2249.36,785.875,5084.1,1469.1875,100,6,500000,4,10,2,RAMPED_FULL,TOURNAMENT_SELECTION,20001 15313.5 3961.5 1105.5 3 1.5 365.5 4803 7939 147425.5,0.001,90%,10%,5%
100,4229.87,1580.25,6199.55,2635.3875,100,8,500000,4,10,2,RAMPED_FULL,TOURNAMENT_SELECTION,20001 15313.5 3961.5 1105.5 3 1.5 365.5 4803 7939 147425.5,0.001,90%,10%,5%
100,4215.38,1968.55,9832.37,4340.1625,100,10,500000,4,10,2,RAMPED_FULL,TOURNAMENT_SELECTION,20001 15313.5 3961.5 1105.5 3 1.5 365.5 4803 7939 147425.5,0.001,90%,10%,5%
100,39.19,17.2875,232.76,76.0875,200,4,500000,4,10,2,RAMPED_FULL,TOURNAMENT_SELECTION,20001 15313.5 3961.5 1105.5 3 1.5 365.5 4803 7939 147425.5,0.001,90%,10%,5%
100,406.42,36.075,1582.13,185.7625,200,6,500000,4,10,2,RAMPED_FULL,TOURNAMENT_SELECTION,20001 15313.5 3961.5 1105.5 3 1.5 365.5 4803 7939 147425.5,0.001,90%,10%,5%
100,766.47,124.1375,3298.22,494.9875,200,8,500000,4,10,2,RAMPED_FULL,TOURNAMENT_SELECTION,20001 15313.5 3961.5 1105.5 3 1.5 365.5 4803 7939 147425.5,0.001,90%,10%,5%
100,875.32,116.4875,2976.15,700.6,200,10,500000,4,10,2,RAMPED_FULL,TOURNAMENT_SELECTION,20001 15313.5 3961.5 1105.5 3 1.5 365.5 4803 7939 147425.5,0.001,90%,10%,5%
100,17.92,13.55,133.3,90.05,300,4,500000,4,10,2,RAMPED_FULL,TOURNAMENT_SELECTION,20001 15313.5 3961.5 1105.5 3 1.5 365.5 4803 7939 147425.5,0.001,90%,10%,5%
100,112.19,13.75,448.12,103.375,300,6,500000,4,10,2,RAMPED_FULL,TOURNAMENT_SELECTION,20001 15313.5 3961.5 1105.5 3 1.5 365.5 4803 7939 147425.5,0.001,90%,10%,5%
100,485.3,16.8125,4419.04,127.35,300,8,500000,4,10,2,RAMPED_FULL,TOURNAMENT_SELECTION,20001 15313.5 3961.5 1105.5 3 1.5 365.5 4803 7939 147425.5,0.001,90%,10%,5%
100,727.61,135.375,6341.98,1344.125,300,10,500000,4,10,2,RAMPED_FULL,TOURNAMENT_SELECTION,20001 15313.5 3961.5 1105.5 3 1.5 365.5 4803 7939 147425.5,0.001,90%,10%,5%
100,17.13,13.425,183.12,118.6625,400,4,500000,4,10,2,RAMPED_FULL,TOURNAMENT_SELECTION,20001 15313.5 3961.5 1105.5 3 1.5 365.5 4803 7939 147425.5,0.001,90%,10%,5%
100,61.03,10.7,420.24,100.9,400,6,500000,4,10,2,RAMPED_FULL,TOURNAMENT_SELECTION,20001 15313.5 3961.5 1105.5 3 1.5 365.5 4803 7939 147425.5,0.001,90%,10%,5%
100,105.4,11.4375,693.08,121.925,400,8,500000,4,10,2,RAMPED_FULL,TOURNAMENT_SELECTION,20001 15313.5 3961.5 1105.5 3 1.5 365.5 4803 7939 147425.5,0.001,90%,10%,5%
100,208.47,15.8625,4075.87,176.875,400,10,500000,4,10,2,RAMPED_FULL,TOURNAMENT_SELECTION,20001 15313.5 3961.5 1105.5 3 1.5 365.5 4803 7939 147425.5,0.001,90%,10%,5%
100,12.23,11.3375,140.94,122.8,500,4,500000,4,10,2,RAMPED_FULL,TOURNAMENT_SELECTION,20001 15313.5 3961.5 1105.5 3 1.5 365.5 4803 7939 147425.5,0.001,90%,10%,5%
100,54.07,10.0625,1534.55,117.725,500,6,500000,4,10,2,RAMPED_FULL,TOURNAMENT_SELECTION,20001 15313.5 3961.5 1105.5 3 1.5 365.5 4803 7939 147425.5,0.001,90%,10%,5%
100,288.76,8.4125,1933.18,112.8875,500,8,500000,4,10,2,RAMPED_FULL,TOURNAMENT_SELECTION,20001 15313.5 3961.5 1105.5 3 1.5 365.5 4803 7939 147425.5,0.001,90%,10%,5%
100,96.19,8.0,779.08,115.8125,500,10,500000,4,10,2,RAMPED_FULL,TOURNAMENT_SELECTION,20001 15313.5 3961.5 1105.5 3 1.5 365.5 4803 7939 147425.5,0.001,90%,10%,5%
100,11.46,9.9125,164.21,128.7125,600,4,500000,4,10,2,RAMPED_FULL,TOURNAMENT_SELECTION,20001 15313.5 3961.5 1105.5 3 1.5 365.5 4803 7939 147425.5,0.001,90%,10%,5%
100,17.48,8.0625,373.45,112.8125,600,6,500000,4,10,2,RAMPED_FULL,TOURNAMENT_SELECTION,20001 15313.5 3961.5 1105.5 3 1.5 365.5 4803 7939 147425.5,0.001,90%,10%,5%
100,47.5,8.3625,432.03,129.2375,600,8,500000,4,10,2,RAMPED_FULL,TOURNAMENT_SELECTION,20001 15313.5 3961.5 1105.5 3 1.5 365.5 4803 7939 147425.5,0.001,90%,10%,5%
100,90.41,7.775,1008.14,138.8,600,10,500000,4,10,2,RAMPED_FULL,TOURNAMENT_SELECTION,20001 15313.5 3961.5 1105.5 3 1.5 365.5 4803 7939 147425.5,0.001,90%,10%,5%
100,10.54,9.925,165.09,149.5125,700,4,500000,4,10,2,RAMPED_FULL,TOURNAMENT_SELECTION,20001 15313.5 3961.5 1105.5 3 1.5 365.5 4803 7939 147425.5,0.001,90%,10%,5%
100,7.92,7.575,132.48,123.75,700,6,500000,4,10,2,RAMPED_FULL,TOURNAMENT_SELECTION,20001 15313.5 3961.5 1105.5 3 1.5 365.5 4803 7939 147425.5,0.001,90%,10%,5%
100,7.97,7.8875,147.42,143.9375,700,8,500000,4,10,2,RAMPED_FULL,TOURNAMENT_SELECTION,20001 15313.5 3961.5 1105.5 3 1.5 365.5 4803 7939 147425.5,0.001,90%,10%,5%
100,175.82,7.75,1912.85,157.3125,700,10,500000,4,10,2,RAMPED_FULL,TOURNAMENT_SELECTION,20001 15313.5 3961.5 1105.5 3 1.5 365.5 4803 7939 147425.5,0.001,90%,10%,5%
100,9.04,8.85,158.92,153.525,800,4,500000,4,10,2,RAMPED_FULL,TOURNAMENT_SELECTION,20001 15313.5 3961.5 1105.5 3 1.5 365.5 4803 7939 147425.5,0.001,90%,10%,5%
100,25.01,7.3625,289.24,139.7125,800,6,500000,4,10,2,RAMPED_FULL,TOURNAMENT_SELECTION,20001 15313.5 3961.5 1105.5 3 1.5 365.5 4803 7939 147425.5,0.001,90%,10%,5%
100,7.47,6.9625,155.75,144.5875,800,8,500000,4,10,2,RAMPED_FULL,TOURNAMENT_SELECTION,20001 15313.5 3961.5 1105.5 3 1.5 365.5 4803 7939 147425.5,0.001,90%,10%,5%
100,12.35,6.45,375.88,146.9875,800,10,500000,4,10,2,RAMPED_FULL,TOURNAMENT_SELECTION,20001 15313.5 3961.5 1105.5 3 1.5 365.5 4803 7939 147425.5,0.001,90%,10%,5%
100,8.85,8.8,175.48,172.4625,900,4,500000,4,10,2,RAMPED_FULL,TOURNAMENT_SELECTION,20001 15313.5 3961.5 1105.5 3 1.5 365.5 4803 7939 147425.5,0.001,90%,10%,5%
100,6.78,6.825,144.55,144.4375,900,6,500000,4,10,2,RAMPED_FULL,TOURNAMENT_SELECTION,20001 15313.5 3961.5 1105.5 3 1.5 365.5 4803 7939 147425.5,0.001,90%,10%,5%
100,6.69,6.5,159.11,153.6625,900,8,500000,4,10,2,RAMPED_FULL,TOURNAMENT_SELECTION,20001 15313.5 3961.5 1105.5 3 1.5 365.5 4803 7939 147425.5,0.001,90%,10%,5%
100,7.59,5.975,222.58,155.0375,900,10,500000,4,10,2,RAMPED_FULL,TOURNAMENT_SELECTION,20001 15313.5 3961.5 1105.5 3 1.5 365.5 4803 7939 147425.5,0.001,90%,10%,5%
100,8.27,8.1,179.6,175.125,1000,4,500000,4,10,2,RAMPED_FULL,TOURNAMENT_SELECTION,20001 15313.5 3961.5 1105.5 3 1.5 365.5 4803 7939 147425.5,0.001,90%,10%,5%
100,7.28,7.05,175.34,165.9,1000,6,500000,4,10,2,RAMPED_FULL,TOURNAMENT_SELECTION,20001 15313.5 3961.5 1105.5 3 1.5 365.5 4803 7939 147425.5,0.001,90%,10%,5%
100,6.74,6.275,171.75,163.3125,1000,8,500000,4,10,2,RAMPED_FULL,TOURNAMENT_SELECTION,20001 15313.5 3961.5 1105.5 3 1.5 365.5 4803 7939 147425.5,0.001,90%,10%,5%
100,6.45,6.1875,191.75,178.7,1000,10,500000,4,10,2,RAMPED_FULL,TOURNAMENT_SELECTION,20001 15313.5 3961.5 1105.5 3 1.5 365.5 4803 7939 147425.5,0.001,90%,10%,5%
100,451.81,132.5125,435.04,166.15,100,4,500000,4,10,2,RAMPED_GROW,TOURNAMENT_SELECTION,20001 15313.5 3961.5 1105.5 3 1.5 365.5 4803 7939 147425.5,0.001,90%,10%,5%
100,3164.44,1781.9875,3329.72,1918.6875,100,6,500000,4,10,2,RAMPED_GROW,TOURNAMENT_SELECTION,20001 15313.5 3961.5 1105.5 3 1.5 365.5 4803 7939 147425.5,0.001,90%,10%,5%
100,9482.25,6756.3875,12805.14,9218.8625,100,8,500000,4,10,2,RAMPED_GROW,TOURNAMENT_SELECTION,20001 15313.5 3961.5 1105.5 3 1.5 365.5 4803 7939 147425.5,0.001,90%,10%,5%
100,7618.14,5062.4375,12188.13,8186.45,100,10,500000,4,10,2,RAMPED_GROW,TOURNAMENT_SELECTION,20001 15313.5 3961.5 1105.5 3 1.5 365.5 4803 7939 147425.5,0.001,90%,10%,5%
100,99.62,22.175,395.93,68.8875,200,4,500000,4,10,2,RAMPED_GROW,TOURNAMENT_SELECTION,20001 15313.5 3961.5 1105.5 3 1.5 365.5 4803 7939 147425.5,0.001,90%,10%,5%
100,1393.11,366.6,2944.11,851.9125,200,6,500000,4,10,2,RAMPED_GROW,TOURNAMENT_SELECTION,20001 15313.5 3961.5 1105.5 3 1.5 365.5 4803 7939 147425.5,0.001,90%,10%,5%
100,2688.41,1460.775,7891.3,4197.6625,200,8,500000,4,10,2,RAMPED_GROW,TOURNAMENT_SELECTION,20001 15313.5 3961.5 1105.5 3 1.5 365.5 4803 7939 147425.5,0.001,90%,10%,5%
100,3807.55,1587.2625,12076.13,5167.6625,200,10,500000,4,10,2,RAMPED_GROW,TOURNAMENT_SELECTION,20001 15313.5 3961.5 1105.5 3 1.5 365.5 4803 7939 147425.5,0.001,90%,10%,5%
100,20.72,11.0,75.35,49.525,300,4,500000,4,10,2,RAMPED_GROW,TOURNAMENT_SELECTION,20001 15313.5 3961.5 1105.5 3 1.5 365.5 4803 7939 147425.5,0.001,90%,10%,5%
100,338.32,10.05,1605.94,48.8125,300,6,500000,4,10,2,RAMPED_GROW,TOURNAMENT_SELECTION,20001 15313.5 3961.5 1105.5 3 1.5 365.5 4803 7939 147425.5,0.001,90%,10%,5%
100,1062.53,232.425,4067.32,998.2625,300,8,500000,4,10,2,RAMPED_GROW,TOURNAMENT_SELECTION,20001 15313.5 3961.5 1105.5 3 1.5 365.5 4803 7939 147425.5,0.001,90%,10%,5%
100,1568.86,617.8375,7110.59,2921.9,300,10,500000,4,10,2,RAMPED_GROW,TOURNAMENT_SELECTION,20001 15313.5 3961.5 1105.5 3 1.5 365.5 4803 7939 147425.5,0.001,90%,10%,5%
100,10.23,10.15,62.98,60.6875,400,4,500000,4,10,2,RAMPED_GROW,TOURNAMENT_SELECTION,20001 15313.5 3961.5 1105.5 3 1.5 365.5 4803 7939 147425.5,0.001,90%,10%,5%
100,167.68,9.525,813.21,62.8375,400,6,500000,4,10,2,RAMPED_GROW,TOURNAMENT_SELECTION,20001 15313.5 3961.5 1105.5 3 1.5 365.5 4803 7939 147425.5,0.001,90%,10%,5%
100,547.78,103.5875,3696.89,579.3,400,8,500000,4,10,2,RAMPED_GROW,TOURNAMENT_SELECTION,20001 15313.5 3961.5 1105.5 3 1.5 365.5 4803 7939 147425.5,0.001,90%,10%,5%
100,1035.89,89.075,10468.8,593.025,400,10,500000,4,10,2,RAMPED_GROW,TOURNAMENT_SELECTION,20001 15313.5 3961.5 1105.5 3 1.5 365.5 4803 7939 147425.5,0.001,90%,10%,5%
100,8.77,8.825,66.31,65.5375,500,4,500000,4,10,2,RAMPED_GROW,TOURNAMENT_SELECTION,20001 15313.5 3961.5 1105.5 3 1.5 365.5 4803 7939 147425.5,0.001,90%,10%,5%
100,17.43,7.9625,165.36,66.0625,500,6,500000,4,10,2,RAMPED_GROW,TOURNAMENT_SELECTION,20001 15313.5 3961.5 1105.5 3 1.5 365.5 4803 7939 147425.5,0.001,90%,10%,5%
100,361.18,9.375,2418.1,81.3625,500,8,500000,4,10,2,RAMPED_GROW,TOURNAMENT_SELECTION,20001 15313.5 3961.5 1105.5 3 1.5 365.5 4803 7939 147425.5,0.001,90%,10%,5%
100,285.36,10.6125,2466.14,113.1,500,10,500000,4,10,2,RAMPED_GROW,TOURNAMENT_SELECTION,20001 15313.5 3961.5 1105.5 3 1.5 365.5 4803 7939 147425.5,0.001,90%,10%,5%
100,8.8,8.625,78.88,77.45,600,4,500000,4,10,2,RAMPED_GROW,TOURNAMENT_SELECTION,20001 15313.5 3961.5 1105.5 3 1.5 365.5 4803 7939 147425.5,0.001,90%,10%,5%
100,28.92,6.925,207.08,68.3375,600,6,500000,4,10,2,RAMPED_GROW,TOURNAMENT_SELECTION,20001 15313.5 3961.5 1105.5 3 1.5 365.5 4803 7939 147425.5,0.001,90%,10%,5%
100,171.27,7.625,1309.9,84.7125,600,8,500000,4,10,2,RAMPED_GROW,TOURNAMENT_SELECTION,20001 15313.5 3961.5 1105.5 3 1.5 365.5 4803 7939 147425.5,0.001,90%,10%,5%
100,320.3,7.125,3302.92,94.1875,600,10,500000,4,10,2,RAMPED_GROW,TOURNAMENT_SELECTION,20001 15313.5 3961.5 1105.5 3 1.5 365.5 4803 7939 147425.5,0.001,90%,10%,5%
100,8.11,8.175,86.11,85.7625,700,4,500000,4,10,2,RAMPED_GROW,TOURNAMENT_SELECTION,20001 15313.5 3961.5 1105.5 3 1.5 365.5 4803 7939 147425.5,0.001,90%,10%,5%
100,7.2,7.0375,82.14,80.25,700,6,500000,4,10,2,RAMPED_GROW,TOURNAMENT_SELECTION,20001 15313.5 3961.5 1105.5 3 1.5 365.5 4803 7939 147425.5,0.001,90%,10%,5%
100,155.54,6.4375,1391.64,82.6125,700,8,500000,4,10,2,RAMPED_GROW,TOURNAMENT_SELECTION,20001 15313.5 3961.5 1105.5 3 1.5 365.5 4803 7939 147425.5,0.001,90%,10%,5%
100,18.01,6.45,232.29,93.8625,700,10,500000,4,10,2,RAMPED_GROW,TOURNAMENT_SELECTION,20001 15313.5 3961.5 1105.5 3 1.5 365.5 4803 7939 147425.5,0.001,90%,10%,5%
100,7.15,7.25,85.8,86.35,800,4,500000,4,10,2,RAMPED_GROW,TOURNAMENT_SELECTION,20001 15313.5 3961.5 1105.5 3 1.5 365.5 4803 7939 147425.5,0.001,90%,10%,5%
100,6.53,6.525,86.03,86.4125,800,6,500000,4,10,2,RAMPED_GROW,TOURNAMENT_SELECTION,20001 15313.5 3961.5 1105.5 3 1.5 365.5 4803 7939 147425.5,0.001,90%,10%,5%
100,17.1,6.3375,202.29,93.575,800,8,500000,4,10,2,RAMPED_GROW,TOURNAMENT_SELECTION,20001 15313.5 3961.5 1105.5 3 1.5 365.5 4803 7939 147425.5,0.001,90%,10%,5%
100,131.4,5.575,1590.21,95.375,800,10,500000,4,10,2,RAMPED_GROW,TOURNAMENT_SELECTION,20001 15313.5 3961.5 1105.5 3 1.5 365.5 4803 7939 147425.5,0.001,90%,10%,5%
100,7.16,7.225,96.44,96.1625,900,4,500000,4,10,2,RAMPED_GROW,TOURNAMENT_SELECTION,20001 15313.5 3961.5 1105.5 3 1.5 365.5 4803 7939 147425.5,0.001,90%,10%,5%
100,6.2,6.125,91.72,91.2625,900,6,500000,4,10,2,RAMPED_GROW,TOURNAMENT_SELECTION,20001 15313.5 3961.5 1105.5 3 1.5 365.5 4803 7939 147425.5,0.001,90%,10%,5%
100,6.19,6.0125,103.4,100.55,900,8,500000,4,10,2,RAMPED_GROW,TOURNAMENT_SELECTION,20001 15313.5 3961.5 1105.5 3 1.5 365.5 4803 7939 147425.5,0.001,90%,10%,5%
100,173.85,5.9625,2365.35,112.15,900,10,500000,4,10,2,RAMPED_GROW,TOURNAMENT_SELECTION,20001 15313.5 3961.5 1105.5 3 1.5 365.5 4803 7939 147425.5,0.001,90%,10%,5%
100,6.98,7.1125,103.92,105.3875,1000,4,500000,4,10,2,RAMPED_GROW,TOURNAMENT_SELECTION,20001 15313.5 3961.5 1105.5 3 1.5 365.5 4803 7939 147425.5,0.001,90%,10%,5%
100,6.07,6.0375,100.79,100.5625,1000,6,500000,4,10,2,RAMPED_GROW,TOURNAMENT_SELECTION,20001 15313.5 3961.5 1105.5 3 1.5 365.5 4803 7939 147425.5,0.001,90%,10%,5%
100,5.73,5.6375,106.88,105.525,1000,8,500000,4,10,2,RAMPED_GROW,TOURNAMENT_SELECTION,20001 15313.5 3961.5 1105.5 3 1.5 365.5 4803 7939 147425.5,0.001,90%,10%,5%
100,50.5,5.675,796.04,118.15,1000,10,500000,4,10,2,RAMPED_GROW,TOURNAMENT_SELECTION,20001 15313.5 3961.5 1105.5 3 1.5 365.5 4803 7939 147425.5,0.001,90%,10%,5%
100,346.29,70.675,700.65,162.7375,100,4,500000,4,10,2,RAMPED_HALF_AND_HALF,TOURNAMENT_SELECTION,20001 15313.5 3961.5 1105.5 3 1.5 365.5 4803 7939 147425.5,0.001,90%,10%,5%
100,2628.72,1250.5,5472.73,1492.675,100,6,500000,4,10,2,RAMPED_HALF_AND_HALF,TOURNAMENT_SELECTION,20001 15313.5 3961.5 1105.5 3 1.5 365.5 4803 7939 147425.5,0.001,90%,10%,5%
100,4423.49,2394.7,7541.67,3913.4,100,8,500000,4,10,2,RAMPED_HALF_AND_HALF,TOURNAMENT_SELECTION,20001 15313.5 3961.5 1105.5 3 1.5 365.5 4803 7939 147425.5,0.001,90%,10%,5%
100,6148.72,3094.8875,9810.16,5177.7,100,10,500000,4,10,2,RAMPED_HALF_AND_HALF,TOURNAMENT_SELECTION,20001 15313.5 3961.5 1105.5 3 1.5 365.5 4803 7939 147425.5,0.001,90%,10%,5%
100,39.49,15.975,146.48,63.2,200,4,500000,4,10,2,RAMPED_HALF_AND_HALF,TOURNAMENT_SELECTION,20001 15313.5 3961.5 1105.5 3 1.5 365.5 4803 7939 147425.5,0.001,90%,10%,5%
100,575.81,45.975,1355.75,172.4875,200,6,500000,4,10,2,RAMPED_HALF_AND_HALF,TOURNAMENT_SELECTION,20001 15313.5 3961.5 1105.5 3 1.5 365.5 4803 7939 147425.5,0.001,90%,10%,5%
100,2230.5,1016.575,6004.55,3065.35,200,8,500000,4,10,2,RAMPED_HALF_AND_HALF,TOURNAMENT_SELECTION,20001 15313.5 3961.5 1105.5 3 1.5 365.5 4803 7939 147425.5,0.001,90%,10%,5%
100,2613.5,1158.3125,9263.97,4671.5625,200,10,500000,4,10,2,RAMPED_HALF_AND_HALF,TOURNAMENT_SELECTION,20001 15313.5 3961.5 1105.5 3 1.5 365.5 4803 7939 147425.5,0.001,90%,10%,5%
100,14.73,12.0625,94.94,70.125,300,4,500000,4,10,2,RAMPED_HALF_AND_HALF,TOURNAMENT_SELECTION,20001 15313.5 3961.5 1105.5 3 1.5 365.5 4803 7939 147425.5,0.001,90%,10%,5%
100,214.11,11.7625,1566.24,78.0,300,6,500000,4,10,2,RAMPED_HALF_AND_HALF,TOURNAMENT_SELECTION,20001 15313.5 3961.5 1105.5 3 1.5 365.5 4803 7939 147425.5,0.001,90%,10%,5%
100,445.79,45.4625,2683.53,276.625,300,8,500000,4,10,2,RAMPED_HALF_AND_HALF,TOURNAMENT_SELECTION,20001 15313.5 3961.5 1105.5 3 1.5 365.5 4803 7939 147425.5,0.001,90%,10%,5%
100,909.15,57.3,5669.17,331.1,300,10,500000,4,10,2,RAMPED_HALF_AND_HALF,TOURNAMENT_SELECTION,20001 15313.5 3961.5 1105.5 3 1.5 365.5 4803 7939 147425.5,0.001,90%,10%,5%
100,10.89,10.425,87.67,81.2625,400,4,500000,4,10,2,RAMPED_HALF_AND_HALF,TOURNAMENT_SELECTION,20001 15313.5 3961.5 1105.5 3 1.5 365.5 4803 7939 147425.5,0.001,90%,10%,5%
100,50.52,9.925,697.66,83.8,400,6,500000,4,10,2,RAMPED_HALF_AND_HALF,TOURNAMENT_SELECTION,20001 15313.5 3961.5 1105.5 3 1.5 365.5 4803 7939 147425.5,0.001,90%,10%,5%
100,207.23,8.4125,1108.66,77.3875,400,8,500000,4,10,2,RAMPED_HALF_AND_HALF,TOURNAMENT_SELECTION,20001 15313.5 3961.5 1105.5 3 1.5 365.5 4803 7939 147425.5,0.001,90%,10%,5%
100,655.15,13.1125,3951.02,149.4625,400,10,500000,4,10,2,RAMPED_HALF_AND_HALF,TOURNAMENT_SELECTION,20001 15313.5 3961.5 1105.5 3 1.5 365.5 4803 7939 147425.5,0.001,90%,10%,5%
100,10.12,9.6375,100.38,93.45,500,4,500000,4,10,2,RAMPED_HALF_AND_HALF,TOURNAMENT_SELECTION,20001 15313.5 3961.5 1105.5 3 1.5 365.5 4803 7939 147425.5,0.001,90%,10%,5%
100,9.0,8.675,98.14,92.0,500,6,500000,4,10,2,RAMPED_HALF_AND_HALF,TOURNAMENT_SELECTION,20001 15313.5 3961.5 1105.5 3 1.5 365.5 4803 7939 147425.5,0.001,90%,10%,5%
100,166.89,8.525,1547.0,99.1625,500,8,500000,4,10,2,RAMPED_HALF_AND_HALF,TOURNAMENT_SELECTION,20001 15313.5 3961.5 1105.5 3 1.5 365.5 4803 7939 147425.5,0.001,90%,10%,5%
100,368.15,32.425,3013.99,440.375,500,10,500000,4,10,2,RAMPED_HALF_AND_HALF,TOURNAMENT_SELECTION,20001 15313.5 3961.5 1105.5 3 1.5 365.5 4803 7939 147425.5,0.001,90%,10%,5%
100,8.98,9.075,106.05,105.55,600,4,500000,4,10,2,RAMPED_HALF_AND_HALF,TOURNAMENT_SELECTION,20001 15313.5 3961.5 1105.5 3 1.5 365.5 4803 7939 147425.5,0.001,90%,10%,5%
100,8.06,7.725,101.06,99.075,600,6,500000,4,10,2,RAMPED_HALF_AND_HALF,TOURNAMENT_SELECTION,20001 15313.5 3961.5 1105.5 3 1.5 365.5 4803 7939 147425.5,0.001,90%,10%,5%
100,55.89,7.375,586.62,105.55,600,8,500000,4,10,2,RAMPED_HALF_AND_HALF,TOURNAMENT_SELECTION,20001 15313.5 3961.5 1105.5 3 1.5 365.5 4803 7939 147425.5,0.001,90%,10%,5%
100,172.23,6.525,1653.5,101.175,600,10,500000,4,10,2,RAMPED_HALF_AND_HALF,TOURNAMENT_SELECTION,20001 15313.5 3961.5 1105.5 3 1.5 365.5 4803 7939 147425.5,0.001,90%,10%,5%
100,8.69,8.575,120.18,116.3625,700,4,500000,4,10,2,RAMPED_HALF_AND_HALF,TOURNAMENT_SELECTION,20001 15313.5 3961.5 1105.5 3 1.5 365.5 4803 7939 147425.5,0.001,90%,10%,5%
100,7.15,7.0,105.85,103.175,700,6,500000,4,10,2,RAMPED_HALF_AND_HALF,TOURNAMENT_SELECTION,20001 15313.5 3961.5 1105.5 3 1.5 365.5 4803 7939 147425.5,0.001,90%,10%,5%
100,12.28,7.0875,162.23,116.2375,700,8,500000,4,10,2,RAMPED_HALF_AND_HALF,TOURNAMENT_SELECTION,20001 15313.5 3961.5 1105.5 3 1.5 365.5 4803 7939 147425.5,0.001,90%,10%,5%
100,71.12,6.65,798.48,123.65,700,10,500000,4,10,2,RAMPED_HALF_AND_HALF,TOURNAMENT_SELECTION,20001 15313.5 3961.5 1105.5 3 1.5 365.5 4803 7939 147425.5,0.001,90%,10%,5%
100,8.6,8.525,141.28,137.4375,800,4,500000,4,10,2,RAMPED_HALF_AND_HALF,TOURNAMENT_SELECTION,20001 15313.5 3961.5 1105.5 3 1.5 365.5 4803 7939 147425.5,0.001,90%,10%,5%
100,7.23,6.975,129.48,124.175,800,6,500000,4,10,2,RAMPED_HALF_AND_HALF,TOURNAMENT_SELECTION,20001 15313.5 3961.5 1105.5 3 1.5 365.5 4803 7939 147425.5,0.001,90%,10%,5%
100,18.26,6.725,362.6,128.075,800,8,500000,4,10,2,RAMPED_HALF_AND_HALF,TOURNAMENT_SELECTION,20001 15313.5 3961.5 1105.5 3 1.5 365.5 4803 7939 147425.5,0.001,90%,10%,5%
100,73.37,5.9875,953.02,128.7125,800,10,500000,4,10,2,RAMPED_HALF_AND_HALF,TOURNAMENT_SELECTION,20001 15313.5 3961.5 1105.5 3 1.5 365.5 4803 7939 147425.5,0.001,90%,10%,5%
100,8.16,8.1875,149.31,148.8875,900,4,500000,4,10,2,RAMPED_HALF_AND_HALF,TOURNAMENT_SELECTION,20001 15313.5 3961.5 1105.5 3 1.5 365.5 4803 7939 147425.5,0.001,90%,10%,5%
100,6.82,6.6625,137.86,133.6125,900,6,500000,4,10,2,RAMPED_HALF_AND_HALF,TOURNAMENT_SELECTION,20001 15313.5 3961.5 1105.5 3 1.5 365.5 4803 7939 147425.5,0.001,90%,10%,5%
100,6.0,5.9125,133.39,131.65,900,8,500000,4,10,2,RAMPED_HALF_AND_HALF,TOURNAMENT_SELECTION,20001 15313.5 3961.5 1105.5 3 1.5 365.5 4803 7939 147425.5,0.001,90%,10%,5%
100,5.83,5.6125,142.97,137.2,900,10,500000,4,10,2,RAMPED_HALF_AND_HALF,TOURNAMENT_SELECTION,20001 15313.5 3961.5 1105.5 3 1.5 365.5 4803 7939 147425.5,0.001,90%,10%,5%
100,7.55,7.4875,154.12,150.4375,1000,4,500000,4,10,2,RAMPED_HALF_AND_HALF,TOURNAMENT_SELECTION,20001 15313.5 3961.5 1105.5 3 1.5 365.5 4803 7939 147425.5,0.001,90%,10%,5%
100,6.25,6.3125,139.65,140.7,1000,6,500000,4,10,2,RAMPED_HALF_AND_HALF,TOURNAMENT_SELECTION,20001 15313.5 3961.5 1105.5 3 1.5 365.5 4803 7939 147425.5,0.001,90%,10%,5%
100,5.75,5.575,139.87,135.9875,1000,8,500000,4,10,2,RAMPED_HALF_AND_HALF,TOURNAMENT_SELECTION,20001 15313.5 3961.5 1105.5 3 1.5 365.5 4803 7939 147425.5,0.001,90%,10%,5%
100,5.55,5.5375,148.97,150.0875,1000,10,500000,4,10,2,RAMPED_HALF_AND_HALF,TOURNAMENT_SELECTION,20001 15313.5 3961.5 1105.5 3 1.5 365.5 4803 7939 147425.5,0.001,90%,10%,5%
